username,pass_word,email,access_level,avatar
admin101,b'$2b$12$wKDF7aIcyUmC6.HC3mI9IOXiOK77P9.YSyskRNqyNRVwMd.bjmEoe',admin101@gmail.com,AD
10000001,b'$2b$12$XKfJL6Rr6xMUPAAiGcbrVOexfTvc9sBLOBvJn03dPSMkpmgYMRH76',10000001@gmail.com,GV,None
10000002,b'$2b$12$0AUG5maXQwyifF4aUPAYNeBxqgbRZfvqfJ0UOPgw4IJZIytO4kQbS',10000002@gmail.com,GV,None
10000003,b'$2b$12$l/tMdIozcbSTF1ccu5Ub1.FEUBpjJWhtxwkZOkJIIWu8l5qKkRIwS',10000003@gmail.com,GV,None
10000004,b'$2b$12$fSGfRfWVigSbFwos5SDt7.LzHEKKAKYygyU4v1ihidabe4JYBhSt.',10000004@gmail.com,GV,None
10000005,b'$2b$12$skK/6NK0BPCin4Qc3dnCeeZ6Wl9AyQnYQK0V6esE9AkIVMsc7/zdK',10000005@gmail.com,GV,None
10000006,b'$2b$12$qnMuqdIGebaU.aOfd2xTauychhYjVA4aufH4CJA2ZWAkV.wIj27oO',10000006@gmail.com,GV,None
10000007,b'$2b$12$zYqN4AklMtZQTl5kbFE5wOH6YvjumEb4Ml00tX8xRzQo0xZAoNpFG',10000007@gmail.com,GV,None
10000008,b'$2b$12$QP5.F6dhkx99xKxdaD9FC.fqPG3b1aoCR1.gwtS06jiX8BOGe8MbW',10000008@gmail.com,GV,None
10000009,b'$2b$12$gSiCCIg0Mwu2K/CiPlY7gejGCnKliR1Kk.Xl4IO3z35Ek2QYEa5K.',10000009@gmail.com,GV,None
10000010,b'$2b$12$eySqX7GosEjMFm52l9Y/Wen7eXcfOx.G0q2OA6QgfIlrk5uDDSvt6',10000010@gmail.com,GV,None
10000011,b'$2b$12$b2XNvVE1Z4n8VApDknotROBwpqMxJLWP076NC8/MOUq0R6BqzfCsa',10000011@gmail.com,GV,None
10000012,b'$2b$12$XxNGvXzboCPkNeHy5M5kJ.ISvXn1.g2f3cc7k5a0mucxndqj0s0uK',10000012@gmail.com,GV,None
10000013,b'$2b$12$Zy4IV9e5qg13.r7l3Ik9Vu4eI5J1f5AdMFGayF9zH42buq70RGkgu',10000013@gmail.com,GV,None
10000014,b'$2b$12$CMBKwZzq4uFb6ft8HdMHzOqq3NPYjp9SPzos8a3XHKy/fvdqtZvJu',10000014@gmail.com,GV,None
10000015,b'$2b$12$AzjUhqvJuYcpFCXKW/TLnuk9lZ61tMgj2DqAV5LsG64Hw6vOyGfAe',10000015@gmail.com,GV,None
10000016,b'$2b$12$ki2abqrEPfFZOF6YAOrOHedv24YaNVTT0IA2k9HXNlBZL1AVzSKLO',10000016@gmail.com,GV,None
10000017,b'$2b$12$WE.A1CtK8cKZ04u7UH48luxfWfmpufamU/qSw5la8sjSHfeUF78Ku',10000017@gmail.com,GV,None
10000018,b'$2b$12$yen6m/zjWKFozUvwbxS3t.jy2iv1zSgs8HosgNNHLu8aWS5itVO2u',10000018@gmail.com,GV,None
10000019,b'$2b$12$aiEq3QT.n0eAxAHWmrhzuOFhOK.Qx5qjoqaOWhbfY48/3HiJtr5ae',10000019@gmail.com,GV,None
10000020,b'$2b$12$LuyFmk3D5X3IrkjcmfO4luw/8zn27.5DltcViZJUyqQdVCgxTxP7.',10000020@gmail.com,GV,None
10000021,b'$2b$12$K.mkgbuIG.oj1wgRfjKnBO6liIlQht2keaLOsIi8IWRZBbli9xcQ2',10000021@gmail.com,GV,None
10000022,b'$2b$12$lGx3jqFMoHnCWQyFziY5GO4oUdob/cRAkF/zgY1j/T9jLzinJSl8m',10000022@gmail.com,GV,None
10000023,b'$2b$12$a8yOwqcTi3VGse0br.eGp.2sfsrB1urhpJgmtpbec/TUQbYLs4WvO',10000023@gmail.com,GV,None
10000024,b'$2b$12$aSqTKwL8qgqyNPqhDVaYcOUxRaYOxS6ojW97c.Jq3sESVnek8fJ5u',10000024@gmail.com,GV,None
10000025,b'$2b$12$3ouCwkUhsitkG6b7kGvWJuSNlazDSHXMhF2FAwPAeOZ/sy2DxtFoK',10000025@gmail.com,GV,None
10000026,b'$2b$12$/b6MLkaH.dUqB46NBep8PunsS4eREDDbkmS1Vy4m.NndZaGcXUJNi',10000026@gmail.com,GV,None
10000027,b'$2b$12$6ImkSJ7jt2Xpm3.vRGxM1ubonJzkBI6TUopLnyLUpZpQPP1FEEU9O',10000027@gmail.com,GV,None
10000028,b'$2b$12$2ewR7Cn.U0WftR1j33ZSf.3wn1oVe7qlZfXto0jnJSGM.VAflz.Bu',10000028@gmail.com,GV,None
10000029,b'$2b$12$MHOby8D9o3ftQypxXcpxUOKxpFnCgE5jHImbLpMOI4nOcNSe5VYgW',10000029@gmail.com,GV,None
10000030,b'$2b$12$ISB46e/NPrfd0r1UgUMbS.0/Z5V.8.xpZNp4sax3ESM0iJJsx.Jjm',10000030@gmail.com,GV,None
10000031,b'$2b$12$0hVN1PASL8SRkEHfFXrWVOQh2pcPsf7zFSfHmWEd0TPpcUnuxkQQi',10000031@gmail.com,GV,None
10000032,b'$2b$12$GwhZCD4tJYXXZK.kligOc.Q5.TE4oh61.DLyPTai76E8Bqjxs4yWC',10000032@gmail.com,GV,None
10000033,b'$2b$12$jGKQCHsgqO4Ce21KkK8n8eye6RNYs.XyHMRQ1F5J4BG03XyLnsX9S',10000033@gmail.com,GV,None
10000034,b'$2b$12$pfj9AoHCwzLlSH2I0vmVi.yEi.9pEKliZsKXznv5I6zIqZW5Hqi9i',10000034@gmail.com,GV,None
10000035,b'$2b$12$b.C0ur08TMZ9omgwlTQ5Jesf2Xc7gcNina1cqTDkix3sWrArYHvQG',10000035@gmail.com,GV,None
10000036,b'$2b$12$xyFLwA5rnSc.52TLHj4eQOFjHlp2G7.pzhMSx78oFSRpBXpCqCPYK',10000036@gmail.com,GV,None
10000037,b'$2b$12$d.db2J9auMX/d6QovGCJDO2ArMHTYFRUnZg9sDeu.oa6hXyB8QrZ.',10000037@gmail.com,GV,None
10000038,b'$2b$12$itQBLNvDa00C/8.VzKEKzeKjon4HJyawGLBKf7FyT29yaLdq26J9i',10000038@gmail.com,GV,None
10000039,b'$2b$12$5e.PZD3fQBaN7Og6Xn94zewjY2mSPMmEfxbRLWAhIUlDA/Bcvp3kG',10000039@gmail.com,GV,None
10000040,b'$2b$12$W/3NVqO5sHdRXgCc6R2Na.DC1DsbwNe3l4hjVRZcthNNXQYT.fuD.',10000040@gmail.com,GV,None
10000041,b'$2b$12$eW0IrJlvUecFamHBDU6blu3SyfgLoXc3XO4I3GsHIdMBfnEqQ6UvC',10000041@gmail.com,GV,None
10000042,b'$2b$12$kmaa/gpmD5V2ag.ziGgl/OA2EMbJPIS4Bzd1SpXM5VgjDW8jLJc9e',10000042@gmail.com,GV,None
10000043,b'$2b$12$2nWEvY5PaY7v6tix6rjfz.DzFeRfjdCW8hqhUkyygZ1dnngZKPoUW',10000043@gmail.com,GV,None
10000044,b'$2b$12$hRyZONNOECp3IOX/OREdu.X8VoNyvY9Kt1glxlrRTbOiwWX.5tQoG',10000044@gmail.com,GV,None
10000045,b'$2b$12$8WFAj8gaKqn.Vx0DMA8aBeMq/nffUHN7homIFZNueR1oDTqGGleRu',10000045@gmail.com,GV,None
10000046,b'$2b$12$d/EPJXAPabI8DO.Dh6vTQu1zbfTOH7Erh3N1GoRmjH4fjpwO8aEAe',10000046@gmail.com,GV,None
10000047,b'$2b$12$FatGBQ0aUz1RMbsyFZ/x7eKxnpJHIwvxK1iUIVGIa.ECNc9YaRoAC',10000047@gmail.com,GV,None
10000048,b'$2b$12$i3q7imZMzDNqdxQ6r1.Gd.CPfmIhjdxsAya/HvrOv0n9U7QDWD316',10000048@gmail.com,GV,None
10000049,b'$2b$12$jKru2ysA7JvXyBr0C2dtZur5wAJxeeKBuPyWG1hkrXBK3d.Me/6zi',10000049@gmail.com,GV,None
10000050,b'$2b$12$Xq.ygYAce7tSaf7yVDwhRuNMMCuIVC3MgthifQqHARIJU9pVEGbMC',10000050@gmail.com,GV,None
10000051,b'$2b$12$ttZtU7RA2apgfKLZdmfdHeK1ue3cYgNE7IqVrV44X3t7ueb4w8djy',10000051@gmail.com,GV,None
10000052,b'$2b$12$JcORL.VB.zZeORJk.4vUbuzLoRkxA7Jv0qNX/DXXt7tXNKo9LB1xK',10000052@gmail.com,GV,None
10000053,b'$2b$12$muew6iioRUkbrJL5K2tsROXbOK55tCmfwWqtebqq2Y/iRT8bd5TkO',10000053@gmail.com,GV,None
10000054,b'$2b$12$jb70XTSzHo71jH.369pMKuWqJADuH.K4WqY5ZqDXpjhIDj7WYOhSG',10000054@gmail.com,GV,None
10000055,b'$2b$12$LtkvJU4A00MgRsRjEHymGefQQTINqjJu48Oe2tREAhyqw4wQPB3NW',10000055@gmail.com,GV,None
10000056,b'$2b$12$fiV8t3jcgoYpPlAngeWKce5hi7UCrixP1RekhmCqLSR9YYz49ylKm',10000056@gmail.com,GV,None
10000057,b'$2b$12$xHsH/9Q/kywhhOy8GbDhoe0Iqo6nCSui2gQVbtBrmqzrAOe1g1QzK',10000057@gmail.com,GV,None
10000058,b'$2b$12$WR/FLAKAb3Dkd4JUB4Qe4u2Db0Y1QPeXhPSCRalLFhslqIlOCDFRu',10000058@gmail.com,GV,None
10000059,b'$2b$12$gqSmxa3DK/Q8.b4c5faapOOjEjHj.6mkFv4uav4xdCyLrE7v6DydW',10000059@gmail.com,GV,None
10000060,b'$2b$12$LYUYDBfWT8JQCYpjnFQCOekyNGJnzUxVy92vTP6KwIPt6gLomJbTG',10000060@gmail.com,GV,None
10000061,b'$2b$12$j2t2lYxso5cs.tb8FYwwiezpY5XIKHD.CLlleCqAZCWTe5PfLR5OG',10000061@gmail.com,GV,None
10000062,b'$2b$12$NMSb0qJSvnuh3jxsqyhHkOfnwNfPk5Zp0TXL4zTqCrrcCSSKJVi5.',10000062@gmail.com,GV,None
10000063,b'$2b$12$OgcNr.l.M/769ZdGLkBxG.ZAQjhqUBh88Rnx9NBfsM1B7o4ie3fUO',10000063@gmail.com,GV,None
10000064,b'$2b$12$eiKlXNc12H7qabR/qkMC7u/xPprGvFAUEuRHuyVq760xyfNn1VxD6',10000064@gmail.com,GV,None
10000065,b'$2b$12$7HeLkK725/MFzLtGgWEVh.b5kLJSfDbjYzgeK6ks1RJvzjwfTLRs.',10000065@gmail.com,GV,None
10000066,b'$2b$12$XAwupqmf/MGJgigEgnbVnO/E1.9K0z4S7pmAvxmFrlLUyqZeCTz4q',10000066@gmail.com,GV,None
10000067,b'$2b$12$NrlVnrhJyqb7mVUg5bjQPeThFN1mBNO54zAxZ3kB.2BPWohQVftCe',10000067@gmail.com,GV,None
10000068,b'$2b$12$RKG/lmcDVr8DvwyyqwA3VuXLzulbzDYQPPWrwE9BPYMTrUVUZFj9e',10000068@gmail.com,GV,None
10000069,b'$2b$12$xRAxQseDTio17xQGsE5JzuqKTPAGavmTrv3xbnh8Fy8C2.yb7YP5.',10000069@gmail.com,GV,None
10000070,b'$2b$12$gqv1xlM6dweBRd/XYGGxFeyKuZv3YcYUi6YWHsx5wG7DnMeJKiXKy',10000070@gmail.com,GV,None
10000071,b'$2b$12$4yksMyeELiVtxNHdIxp0V.iLONiH/ntqO69QpqKzJypEWMSZYxp6i',10000071@gmail.com,GV,None
10000072,b'$2b$12$bK9LlR5IiPGFp5ZhDGtn5e7hwgahCFDC.AhGhr9NlzMqsnl4c9.Ai',10000072@gmail.com,GV,None
10000073,b'$2b$12$DRzDydwzOYSoCScf9XunSOgkSUMz3Knbeeiw./3wTG/AmrJqR.TlW',10000073@gmail.com,GV,None
10000074,b'$2b$12$Ze7MdprZ.dZzcrA3cPdtTuwtSPVX4vboe4Og0V3vXimE7/iusgVVa',10000074@gmail.com,GV,None
10000075,b'$2b$12$2T1/Jj9IML2kRzrwi8tgGOk3TEwnvelueUYsSMpu6sQJNOGrECkRm',10000075@gmail.com,GV,None
10000076,b'$2b$12$wADf4xbobpgcznm.zoMgSuv.f6bKYHx6RJd1d103Xrf735NMxlEO2',10000076@gmail.com,GV,None
10000077,b'$2b$12$UWGqfwpWzatyAEBCZnrg9OsPwq9Hls222MLI/XIrrqQEEaIzkCT2e',10000077@gmail.com,GV,None
10000078,b'$2b$12$dHkUDLP2AJtAZR18UuaJCeLqc.2MwWOrXPI.im9HxUHPiJZZByLCq',10000078@gmail.com,GV,None
10000079,b'$2b$12$72NG.ef15NRBKE7xpdfgZ.IM2qg1yWAic66vvhyNcrx5lj4idkn9C',10000079@gmail.com,GV,None
10000080,b'$2b$12$Xw/Ik3jgKw2dZfT2PiQaRe7Mb86rmqdk0Htxg5G7fwz16DC0Iaonq',10000080@gmail.com,GV,None
10000081,b'$2b$12$gNF0BGQ.WOcZuVc0mc8aD.y5.pYfKdBrG.RRxUEL1gE02mG15bbQ2',10000081@gmail.com,GV,None
10000082,b'$2b$12$kRtbFjaaszlbKeHN..fgm.ZMJ6KN5T13pSX4Rwcfds6lkfAbxWPCu',10000082@gmail.com,GV,None
10000083,b'$2b$12$E8EUGgitds1QH/IukuE0GuVUKdcw9uJJ.YHHPTy00N5tJsmbsRxRi',10000083@gmail.com,GV,None
10000084,b'$2b$12$1KNdVmezHijwYU8WmNReYOXVK5E/lgihj2F/1469qUfblXe.paqKq',10000084@gmail.com,GV,None
10000085,b'$2b$12$TNKDDxYO5QvfYdEeaMlh4uZH7lafP5NVm2lm0A/ci5EWmy8CnRbpm',10000085@gmail.com,GV,None
10000086,b'$2b$12$./7CU2IapGEnRFEzv9Qjz.mhhlvMWbL5gQezPiQqJ.P.Zs3hp2dQa',10000086@gmail.com,GV,None
10000087,b'$2b$12$L/x3B03EYA0mPShovoFZ0uh7ySnO9Z2shVKC8Ad/XFIjycIuHirCC',10000087@gmail.com,GV,None
10000088,b'$2b$12$gOAq.vzinwJ0R6ke8W3m7u8QGhlyzZPOcATsjbjI2.m3dcA9gTBu2',10000088@gmail.com,GV,None
10000089,b'$2b$12$57QoSIEWc9yNz.m96SMB8ua3c6hHfp8gOw2SWaoFK8IpzuMOS82oS',10000089@gmail.com,GV,None
10000090,b'$2b$12$4J5nI9Dqdcd2AmxPnlx2le1nIiNsY2JIIkD0OLMR17KO0.JGwVioe',10000090@gmail.com,GV,None
10000091,b'$2b$12$znBH3ZIK5i8b22QmV.7k9.1i3ydYHaaZU3BOFpnCK/qDml2/LCI8q',10000091@gmail.com,GV,None
10000092,b'$2b$12$kZinHjv361cye/N6v6GP3euXhF3r4TNvUs0jXtb2VIZ12CqKMlg52',10000092@gmail.com,GV,None
10000093,b'$2b$12$VmVUpB4lQHiEUHBjnsapHewkClvUMYwSzn5cswgejb9oENS5Ze9fe',10000093@gmail.com,GV,None
10000094,b'$2b$12$gWc8aVYBlHoVNBhxWq32dOMN0853pu/FaXwDMexX9qKgI9B3RYvBS',10000094@gmail.com,GV,None
10000095,b'$2b$12$7/qJLhFogvJmPPhR8PTYiuF4ubSQXnwKjOEfMufE2Bh907gYU8fd.',10000095@gmail.com,GV,None
10000096,b'$2b$12$2EEAuECurBmLCCDZ7QWGMezVq5q.ibDvFfU5RlkP3Se.5DJbCILS6',10000096@gmail.com,GV,None
10000097,b'$2b$12$LG7A.5oqWZiC76unqarogOQikg5BsBDooAyhlpa21r4cNYF1VnVjm',10000097@gmail.com,GV,None
10000098,b'$2b$12$hCcuAzYrt8AJOg8zowDlYOTSNQS3rjykWA4DO5Mkn1Mj2NVXPChW2',10000098@gmail.com,GV,None
10000099,b'$2b$12$Gbxo6ht18kKLy/WU1kJXxuLmZQtGuuk1IxBD785L9PnqfIGyltmuu',10000099@gmail.com,GV,None
10000100,b'$2b$12$o9LjalOsfsFUQZ.7181idutgJP/ziRot.EuczQRiHNDa74XGgq.ha',10000100@gmail.com,GV,None
21000001,b'$2b$12$wLmueczX5w4mt29KVIYSqedCeaGyqVpMEY3DheLLsh2j9WuC7EyE6',21000001@gmail.com,SV,None
21000002,b'$2b$12$RyPQC5vUkc5PPwD9AD7KROEtawYYwYqa9QO5Q5CPKIALJXddpC4Bu',21000002@gmail.com,SV,None
21000003,b'$2b$12$p5gyfDIyUR24TPk.geePB..cubU3GVZ3jXb7k4PKcYMfWWhFVP/pO',21000003@gmail.com,SV,None
21000004,b'$2b$12$a2Mm4hS1UHCqcXwYf/KKYORxYSJ7MvdT5ImqPg9PaL.XvH2mq6E1G',21000004@gmail.com,SV,None
21000005,b'$2b$12$kWLX/DLOEimNRtWS6Hng2.EP1FazFo/TjJliO0EJddYE0LhFZGi5a',21000005@gmail.com,SV,None
21000006,b'$2b$12$2uwiaw.xF.QNTPSEvKPR/.kG3YyjWAhuwygWxq8.vrYE1llvjWi7i',21000006@gmail.com,SV,None
21000007,b'$2b$12$Te1r./i0kAViw0C31WonruEYDf1Bbk0uIqVYY3FRdWvwmZ7biTmZ.',21000007@gmail.com,SV,None
21000008,b'$2b$12$mbo9YszCWQFMGzLJqei4OOSMCuog1duOEVcsQ2AGgR/q9Zw/q84Wy',21000008@gmail.com,SV,None
21000009,b'$2b$12$6i0gdvcWhOAExS1G6D2OhO6W10ACEnWsbFQs/5oQ8523Q0EwzkoZ6',21000009@gmail.com,SV,None
21000010,b'$2b$12$vxxJjC5XJoVXZOtQ3f9ZiuU1mf0w1.EEOBqCLL5Mhpb5hlvAE6evG',21000010@gmail.com,SV,None
21000011,b'$2b$12$ODPSll.DT3YF.nCpyIuLt.dnSgla1w05Emd4kZWPgIaxzT3qYAAku',21000011@gmail.com,SV,None
21000012,b'$2b$12$xUPzyVGqJIDKqff3ZYIdcuSl/E/CkANwXGRwYkXWzb7w9njyW0zh6',21000012@gmail.com,SV,None
21000013,b'$2b$12$QUlewxZFYNjhdmdGcr5a4un5xSeP90H5Z6V0NsurhCZXOuE0NGKZS',21000013@gmail.com,SV,None
21000014,b'$2b$12$E3okmIanWO7MH.bPSYeAKuzXB8vz3BswSuB1zdixbL0BJZyUjYWIK',21000014@gmail.com,SV,None
21000015,b'$2b$12$PO2t5QJyVdy7VWF.q2A7rue2LxcbNxhI58yXqKljLgUKqBVaG.T3a',21000015@gmail.com,SV,None
21000016,b'$2b$12$5Im6ArSxH.1jTkUh5MMqyO4kdU27dUHFldYtjPAd0PK99d4oGNwye',21000016@gmail.com,SV,None
21000017,b'$2b$12$UNidz0TFm5Jd2GQXDwLiMu.YAKheTygBuTTNdg/W1RhRE3PaEqxVa',21000017@gmail.com,SV,None
21000018,b'$2b$12$F2kh0n.88P6R3lqjlWKtTOYaFMlIpjORAl0oACARyCGZWlvj.C/ge',21000018@gmail.com,SV,None
21000019,b'$2b$12$BR0.1VF4HzpIoBGQyf4VN.faQX48/N4211Mx55UO8.0L/e64ElUJq',21000019@gmail.com,SV,None
21000020,b'$2b$12$1IHX5fjEfn7ZR5wa6Z2MMeWvLBdk7OV3IBxgh3cVAr/qVRgPJoabm',21000020@gmail.com,SV,None
21000021,b'$2b$12$u.p3u25UQvPK3JjO.WBspOYLYy4xxtzVxTtzsJQu2dqc26cPCeQF.',21000021@gmail.com,SV,None
21000022,b'$2b$12$xOzAav0aUDW.k8R3glnVF.ij6AD5dAZqV6MR9G0r9Hxs99.5aLOqy',21000022@gmail.com,SV,None
21000023,b'$2b$12$kj4eKF44EqUwBWFmGXt0oOBueC/HMwhcCqQZeYCs4a/hqQs/PQ3GC',21000023@gmail.com,SV,None
21000024,b'$2b$12$PO0Y.XDSorJ0s1qfaoE4AOMk0scH74k5PmqWDBZ.28VJECI.6xbPC',21000024@gmail.com,SV,None
21000025,b'$2b$12$X2bJK2/thPTcR6oW50EFPOphyxF/Q.iHk8/umZ1WBgGHBq7mxQwEC',21000025@gmail.com,SV,None
21000026,b'$2b$12$8rwBGMOw4BuIZYNsElyxJOUsrSEBXow5yg86dBDOZbEGXk8ycGjAG',21000026@gmail.com,SV,None
21000027,b'$2b$12$C2Td.m1r8kcvtvStN46M5urpQyV0XZXcRsP7q4CY2qlmELfwsYSde',21000027@gmail.com,SV,None
21000028,b'$2b$12$ZsxtKGt0N5MclbNg22qp7.c2dPBHVzJ2xozfnGqd.ax5DIf/fRMJi',21000028@gmail.com,SV,None
21000029,b'$2b$12$nJkiM5QwDpLtsy/8XFen1.oK3nqkIM2B9hMpSgwO1ymUek9YG6qom',21000029@gmail.com,SV,None
21000030,b'$2b$12$gwSUuXajlc1v8A3bvE2sC.gMN55VYnykaxAYoihLGN2/ehXUP.1hO',21000030@gmail.com,SV,None
21000031,b'$2b$12$nuZfFy2zmGbp3cUeotUFU.LbFZTbzSggs3uo0BiJx1tcMlhoLyz4K',21000031@gmail.com,SV,None
21000032,b'$2b$12$aJjzdQdcJraOUibE0brfKOw9XVUhtYveb2xgw.0JIjPAaz/WO3o1u',21000032@gmail.com,SV,None
21000033,b'$2b$12$DCOGar8h1ZGGeRVYXEimVez.vSsY53m7mmZUxq0e/4Sgs5Otcugy2',21000033@gmail.com,SV,None
21000034,b'$2b$12$PfYDvE9fk7NHQdUOJ6fBDuh27VHw8e0SaM1BhVP6jvaDuqt4seXl.',21000034@gmail.com,SV,None
21000035,b'$2b$12$GJ8lOFWp6MmEUsKP.XSbquNdYJhHWyFhMK.rWn7hpTxnJrAOl2d9O',21000035@gmail.com,SV,None
21000036,b'$2b$12$QcAVdGiZ5WWsoVMEvrMhN.vDlu9p2pkxEHVPIGWI.QEGP4thSK08C',21000036@gmail.com,SV,None
21000037,b'$2b$12$NCtF5x6pyq3jHecyzGXIxOoS3Z6SLPViLgSuI1hGCbDPBErcmytH2',21000037@gmail.com,SV,None
21000038,b'$2b$12$xnwM3puCwUq2MCoYLnDgFOImv6qqWFKACZbFtYYeLL9mzwknptuLy',21000038@gmail.com,SV,None
21000039,b'$2b$12$m.N/MNrOPpkblrMyVSMCd.ZGYJcG4qQr4lhCbbOS5Cwh24Tq48nfO',21000039@gmail.com,SV,None
21000040,b'$2b$12$I0.eiKH1Ajp3gSmt5BlKnOnjWJwM/f.3RqQWnwu80SOJbuDOCtc52',21000040@gmail.com,SV,None
21000041,b'$2b$12$XmILAdBzgv6ILkhJtbLN8eR5D42wBgmgPi6jnhu4bhzN5UES2i9pm',21000041@gmail.com,SV,None
21000042,b'$2b$12$4dOThGyVgy/3ljxvLFETp.VqT2Wlp/jEvhmjo433zfOodIFSUTBa2',21000042@gmail.com,SV,None
21000043,b'$2b$12$QAmz8CiTsb6C8gPMovfexO7i91aJyWEk7QuzJ1a/UeBUBGEwiprou',21000043@gmail.com,SV,None
21000044,b'$2b$12$t164Xm5bZSQuff6d818Cc.A36HQ./Sl3veO5PwEnVSLsEJlzQEmmq',21000044@gmail.com,SV,None
21000045,b'$2b$12$JPV/6sBGHjnY2uEGp97BEu9w5ySzcK9HQMb4jyVWRl.44uWfqX4bm',21000045@gmail.com,SV,None
21000046,b'$2b$12$Ztx.VgaJi1fSqgZ78nnrvOxsSf.SiJ0yPt07CgxCK9eVlKNG48uLO',21000046@gmail.com,SV,None
21000047,b'$2b$12$IYPt96g/3NM.JsuMz19JKu5g5a7KQQTZk.V7iVVpRzaTLYusxtcKa',21000047@gmail.com,SV,None
21000048,b'$2b$12$jnDqbHHqEMvSxgUEA57QwuI0wtlP75AVhxGuTOBknb6D7ss9mgNTy',21000048@gmail.com,SV,None
21000049,b'$2b$12$XRRfauyvmI67smEFpMGaZ.zncNXU3XdvdSdiDjLMZvf8H52y9.Oau',21000049@gmail.com,SV,None
21000050,b'$2b$12$LSTDDC071tyDJal8VIopHOeq1lI34e2xd/gJx.xKFkjPFem49ZvXq',21000050@gmail.com,SV,None
21000051,b'$2b$12$X.PSXlyyZbofNrv4kNQSMu4A95kQDstsecu4Y4EXsVfN3ZLnEx4Ay',21000051@gmail.com,SV,None
21000052,b'$2b$12$sE451bF7N366zWK1g7GCz.AH4AzH0EgDCNkavqMCmEOaqkWemoO4C',21000052@gmail.com,SV,None
21000053,b'$2b$12$aWY/XcU03fVA9OyLx3X/LO0yvsviA3eIO2WcFVInmQ5vr5nG7ecOm',21000053@gmail.com,SV,None
21000054,b'$2b$12$EqsZS96zCTPq54b1vB3I1.BTqeypNcF78fCghyI.ZPyxulKi3vlha',21000054@gmail.com,SV,None
21000055,b'$2b$12$8utPX9rK82UoEuZILOwTDeC/Pop8nqlAspoij9ZnsmoW/FE5EHkHK',21000055@gmail.com,SV,None
21000056,b'$2b$12$AAjo7Lbn/.U612kmCUt/ae7/zfUA798.UgDJkJG8NJEBAjVdbBD8m',21000056@gmail.com,SV,None
21000057,b'$2b$12$4xEWNk0WrmI.OMzJUc8hte./Ph1dG9eptGXfxu9T35jMLc5ijBFZG',21000057@gmail.com,SV,None
21000058,b'$2b$12$lnt0VCojk1zXUkg.X57lfuSLAgUV1XvblRS35jrvFtAl9om1u8WlK',21000058@gmail.com,SV,None
21000059,b'$2b$12$Igyd05mcRHtbOX7ju5nb1.QG7X1SIV.E2hiGjEu6cDQpKd.H/u3EC',21000059@gmail.com,SV,None
21000060,b'$2b$12$KJDonKZPss.kkyfrGayE3usJhrzWFbILmQRv5AHusQL3K9owZ.5S2',21000060@gmail.com,SV,None
21000061,b'$2b$12$SeJg6s5kqzZbojgVPy.kiuhuqjnOwuUIUB353Ntdl2T7swrX09DvW',21000061@gmail.com,SV,None
21000062,b'$2b$12$H2MrDrjO3djPXqnQ32OxUuHdWtrtQz/JPboDhral9zSdHzKT/uhq6',21000062@gmail.com,SV,None
21000063,b'$2b$12$nl7xzj93d3XEJe6/79Yra.tsMeIenJXskTtyG8AfTEv.d.A8PmCJ.',21000063@gmail.com,SV,None
21000064,b'$2b$12$WygLG3zyXd0UFcXSZpp/2Oahyxe9pOIp/DLj3zA6/K/FiT99kZDgC',21000064@gmail.com,SV,None
21000065,b'$2b$12$9Jppvz2BGU9e8nMb84FtXuZd3WB7vXNaZJ.TblAUL.Tz/5ay.cYBq',21000065@gmail.com,SV,None
21000066,b'$2b$12$ZCJ3HyYaJTvnHPJ36fzmQu5R6y6Sn1dnZZU.QVusYe.D4LSQry0my',21000066@gmail.com,SV,None
21000067,b'$2b$12$czMKPV8rulDj7rS/uMdB6urlO9haFS/n3U9ti/YalSGzZhEVSfVZe',21000067@gmail.com,SV,None
21000068,b'$2b$12$aF.1jBD7XZ9JMZJrgX118uWdYn8nWs2uu8N6aLhi6Mrc9QpY3E0NC',21000068@gmail.com,SV,None
21000069,b'$2b$12$Nttcm.knk8ADDmfPVnzNsuXz06QCv36kGC1Tc.p/soKtguXISfa5C',21000069@gmail.com,SV,None
21000070,b'$2b$12$LrUbUSwHxhID1sU/Qmo62e5BVe9EFr6a5y64EaFm5LNI6resbkgxm',21000070@gmail.com,SV,None
21000071,b'$2b$12$rqlFaYuKquiiBxKcmuRANeCCWlmR55DuUKQz3fW.zgNrjaUMWvAoq',21000071@gmail.com,SV,None
21000072,b'$2b$12$4NJ.8jjVN7vGWgqe.AVrOeomnq7MteNA7KCOoblzPrGsLTOBg2mka',21000072@gmail.com,SV,None
21000073,b'$2b$12$OgWWCiDv8jez1pnT6jTLoOUPQ9gbZAh58BL7R1RFqpruFX6V/0xCy',21000073@gmail.com,SV,None
21000074,b'$2b$12$Yr5K5kgX1YvifqEWtHYbU.IpavcvduCEJg1PCVGBofRpXEhspB.c6',21000074@gmail.com,SV,None
21000075,b'$2b$12$ksiy0iYaAFWssO5NVzfRZefaOJsyAZVf5GVAOiMLOsSyQpF31SxeS',21000075@gmail.com,SV,None
21000076,b'$2b$12$Pdx0zky5CNF1WOAjDHWfe.UAYiCUWWZG4yQYrfMMRkgahKoITVVzW',21000076@gmail.com,SV,None
21000077,b'$2b$12$J2vIDRKNVRkgZJVpykg9y.W9T7hbB7h7gACN.uimBvGYJ/K1y13WK',21000077@gmail.com,SV,None
21000078,b'$2b$12$rlE9c/U6OPPAcEq9643OC.UQ33/xqQpponv2peYF7hcupMIILHL1K',21000078@gmail.com,SV,None
21000079,b'$2b$12$9ER.dj4IkA5JNUl7gxIJquJNUZJAaaU.nJNKHWeO/VWRHS9/cDIVW',21000079@gmail.com,SV,None
21000080,b'$2b$12$pfmcD3SAi/gINOgaTzK8muauVfhTuw/q3WuIIdCGRPcLijIWSZ1N6',21000080@gmail.com,SV,None
21000081,b'$2b$12$vGYaLYbtU7Xo6HrKLyieZuJOTQnurOvu5icjdqtYMTnXaVbqTnIle',21000081@gmail.com,SV,None
21000082,b'$2b$12$NEv781EjXxhNc0DAEiIm6.v1azrrOw2/Hmn/Z66A1ZLbfuqC8agiK',21000082@gmail.com,SV,None
21000083,b'$2b$12$.U3.Rww3r60nAUuNllUnV.6cJqyPiuMbPVyXFP2OC2PiJ/NeQfcFO',21000083@gmail.com,SV,None
21000084,b'$2b$12$gg3sESPezmD9AmwJjSVYkOKcKb04L4cK2RZvSn6EN29mlEI3pEU6C',21000084@gmail.com,SV,None
21000085,b'$2b$12$Thw2QDCTEACGnch0MJ.x4uhMbDxrArdRbSB/yBGniiRlfo4xsooDi',21000085@gmail.com,SV,None
21000086,b'$2b$12$WEMr9ga5QBCiqElMqeCIDO4aJcHTLTO6D3GdYAZ4deFJrI8v1m/Ry',21000086@gmail.com,SV,None
21000087,b'$2b$12$0LN29R6ejCCw25prkxKz5OUxqglgMGl9Gou2bS1eSRZ3LXG67df0y',21000087@gmail.com,SV,None
21000088,b'$2b$12$D1dnM80MjsDUwvgg8tV8g.9jxM.YgjeoFcIyFFZAklE9gWZaVDH86',21000088@gmail.com,SV,None
21000089,b'$2b$12$Y1oS1F889JMtiJcPV6TZluYPMO8jcWqTTapC68JynNKxwiDcpwkLO',21000089@gmail.com,SV,None
21000090,b'$2b$12$JVfo6JTuyyvoNA39ccsihuShKdnnr.wnO59ogktEGNjEiDEc6Rk8W',21000090@gmail.com,SV,None
21000091,b'$2b$12$eCCqVlIBRJRVACrFrsF3vuGDQI0oT9Nv.7fToEOp6eTqe6K9V8jvy',21000091@gmail.com,SV,None
21000092,b'$2b$12$JfQUDgD6plOIM1QldaultO8hflTaPCSFtMEOIeq4A1LLPHnSEWh0a',21000092@gmail.com,SV,None
21000093,b'$2b$12$pJ6SGh/shafRwlEJXk6xJOzGIEmrIL8h3UGwHO6D.2HUI6w/QNWAe',21000093@gmail.com,SV,None
21000094,b'$2b$12$J5cRYw9ZorzWedXjgB59WewPkbdnpXrMboJWkzEYPO1dV3vSstFEG',21000094@gmail.com,SV,None
21000095,b'$2b$12$1JKheHgkf94NSa.XkNkgNeTj5ykOyTugoNIsRk/23pEZbSUt0plYi',21000095@gmail.com,SV,None
21000096,b'$2b$12$LMZVzfPEa46eKBurVag5EOplKKHW/ujneh6fHRp05/ZEaSx0IySN.',21000096@gmail.com,SV,None
21000097,b'$2b$12$y3wgoxmXGoRs3mNNG47JN.IGTu6YV6tr5vzscbqI4TljFrbDkM1hq',21000097@gmail.com,SV,None
21000098,b'$2b$12$lh7TWlq32NNCYG.GNWcLfOvOKb6rflmE1Uwu3Q5JHPMsNwd61gSKS',21000098@gmail.com,SV,None
21000099,b'$2b$12$xETG27tmbCkM6sf8m3DpIeUb9GS3HhiYkI9xtLGpEEcO4TdunGaiG',21000099@gmail.com,SV,None
21000100,b'$2b$12$2RxQoH60mHEzCz/gHbKyq.WuoGmOAAVTjv.9nCgc3NpSyMiGqRgwW',21000100@gmail.com,SV,None
21000101,b'$2b$12$21GDow70Ki8ltZvsg./3je89nk561umC3UTC/FyIZUy5aWUKv3tKm',21000101@gmail.com,SV,None
21000102,b'$2b$12$SLnCy5auESaC8uqoxtD8pOIJUj.oUGrTL1hhTHFzAMG2V8ijya6kO',21000102@gmail.com,SV,None
21000103,b'$2b$12$Aa4CvQ92qPttgLk6LwXHHu51YBxMiZb4WJ/DA6PNMNeIPa6vcG4Tq',21000103@gmail.com,SV,None
21000104,b'$2b$12$kvBIIwHlheOR8cvEqGO9yOvcv5N.XLEl.rPF8pMWOldVPzY9.DfTu',21000104@gmail.com,SV,None
21000105,b'$2b$12$RuIdpZYrg3.SpWyu0YAgG.dkQ/NVRDqISxU/qRRxLVAJRazaliK4G',21000105@gmail.com,SV,None
21000106,b'$2b$12$atsTTPx4liwUAjC55o0Qs.UYDoudKCWE7hhXQroaNBjgXOntv1u0e',21000106@gmail.com,SV,None
21000107,b'$2b$12$XCAFCJsDiNfp0sRA.tuurexeQe6M8Ln8oQpQZwb5vVAsWZagx43Tu',21000107@gmail.com,SV,None
21000108,b'$2b$12$iQo02VekWJrgtb0oaDbCreY1gQ.IyGq.Q3/jgdBbjMHHjFOHFtTBC',21000108@gmail.com,SV,None
21000109,b'$2b$12$2vK5liUFEKB9bgCIK1B23OxOmhoE2KuU1qoZ3bMAeBl5A0d4z8ji6',21000109@gmail.com,SV,None
21000110,b'$2b$12$1DM.prRq1hbJLxDlIsnsXOpxCH1BX339KapA2I3nglS2lA/s38Kfu',21000110@gmail.com,SV,None
21000111,b'$2b$12$qzG06QiH5QSnwSOFITvGh.Z1kFE0j2Ycygv85KjbsANeHiw8A1Pm2',21000111@gmail.com,SV,None
21000112,b'$2b$12$MhuSNL6SQEE5YH8I4k29ROJSITnUubsdNdGd2MD2yCKyCtOuHpbT.',21000112@gmail.com,SV,None
21000113,b'$2b$12$KKZ3xfA/Tyo9CU9b/xAtteJ16urWnDPYtVEI2nJKp6YOh7JCk7jqu',21000113@gmail.com,SV,None
21000114,b'$2b$12$jr8coarj8Ouwn1WwSJ8qeewom4VSdFe1dbLKwa70YM/.ZKaxxsUVi',21000114@gmail.com,SV,None
21000115,b'$2b$12$a26.eMeWNH9HWURjTASC/.3ECowj.G5q7IQexmSkCWmMr2.Sx6zTm',21000115@gmail.com,SV,None
21000116,b'$2b$12$nDJwCY5nISZy7d0cYsWPwe.//wkQj9dUcabI2aRc1srVROVlFV7IS',21000116@gmail.com,SV,None
21000117,b'$2b$12$LYyL8qraz8LFdstlVU/GveIB5rXZcKi5AipOP/yV.w6i4xZoBnSn2',21000117@gmail.com,SV,None
21000118,b'$2b$12$lE5eAtEkHvk/XyHll9qGJeZpg2vn1a4svZNQ/Lmu8jkT5wP6VYxsC',21000118@gmail.com,SV,None
21000119,b'$2b$12$flW9/UQTR3xYeGxdc/1fV.2Ce4dSzLgnIrRB8zPdENj6EuF4MfOxS',21000119@gmail.com,SV,None
21000120,b'$2b$12$UILHpsxAl3Rk6x8s.uiSgO6XGEERkR4EtoowWIdBJoDgxuE9.Wb/K',21000120@gmail.com,SV,None
21000121,b'$2b$12$OFZzfSZVV7mqesN0VdMqE.xyAtzRlQMS/64a0s8/5kOWq9qG2S9Kq',21000121@gmail.com,SV,None
21000122,b'$2b$12$Vshj4cIom3mbdIDb476r.OhOhw86.wrfixIV6lIyNvUAWZnS4ZEMa',21000122@gmail.com,SV,None
21000123,b'$2b$12$.wI2P.pkzITA82CWF5Ps5u/eUIhwRvZ9.Yl7rDJrefBSwMmt0P9I.',21000123@gmail.com,SV,None
21000124,b'$2b$12$AhoXr5Q6z4G5GJsqobxXVu0h/rEkGpLZTSP.O954/gwgoH2BlvBCy',21000124@gmail.com,SV,None
21000125,b'$2b$12$BxW.8RdFgq3Pm6F3r2VA8O35nTzr6CMSlpD95ZtTtBZCOsSvsn0XG',21000125@gmail.com,SV,None
21000126,b'$2b$12$3Qd.bmKnkxsee1fkoye4PuVSVqzuG3pgdQQXBjTJIqsmNNOo.pHLO',21000126@gmail.com,SV,None
21000127,b'$2b$12$vp0ZC7l8N3zlVmMJ7B3KFe9feyNsPfSPOCg8fXcMY8iEkKn5RUb46',21000127@gmail.com,SV,None
21000128,b'$2b$12$/bgzG.U/EpSexW0NcvAKJOaCzpNQXOAf32oVKx4fnqssgmNoRqbKC',21000128@gmail.com,SV,None
21000129,b'$2b$12$bDLFRp3nQVg63kpGW3Hqtuu918jhn.irh9ICB4m5gSZ5qgh72SY4O',21000129@gmail.com,SV,None
21000130,b'$2b$12$Rk4wFgqvWQWF6XODzI.0z./JvnSQJ1uEI468U0RbUjQmKQrp11ZQW',21000130@gmail.com,SV,None
21000131,b'$2b$12$x1BNw110JYWaYYnaeH.0f.kKzKNFi8pSyNJ0LjHrGVNvRxbQTZvem',21000131@gmail.com,SV,None
21000132,b'$2b$12$WacTCgGd6nLsRA8KMcCznOWAvn/28ZQNpGhAxI0Pccz6KbWqbwMju',21000132@gmail.com,SV,None
21000133,b'$2b$12$1eAuynjRsmsHQQFbGYXyoOdrFf.qOrZ7tzCqzbazLiOYJ1bAmlT6.',21000133@gmail.com,SV,None
21000134,b'$2b$12$SDGFAXE/ldcxS6r9NalCI.5CHLKT2fkkoEZ7urON7OoXO1mejlCxW',21000134@gmail.com,SV,None
21000135,b'$2b$12$THuwOJl8LzY8LMD8zgNN3.XGV96BdQCQKBjQYIR9v2RjJBsjbrlc6',21000135@gmail.com,SV,None
21000136,b'$2b$12$cJUp3r0XyIzh93OlLo0x1uL5utFgRDxbFICwmgUrQ8Jr0R//YCwMq',21000136@gmail.com,SV,None
21000137,b'$2b$12$4aUEbI7C32HygLQGuUiCSuBEVqja6KFWyEQA8EolhUxjq37l7JlQa',21000137@gmail.com,SV,None
21000138,b'$2b$12$Dp/AQ6SfIE52b49iZpevDuCJdZ.F7wye5IVXD2Mf.6QOHY9L48BzO',21000138@gmail.com,SV,None
21000139,b'$2b$12$EigWCX/K0OJ5KjvKrcpwu.XM9Rbn0u4YHISawrzzKDTZRf4NVhWzS',21000139@gmail.com,SV,None
21000140,b'$2b$12$e0QXXGDERF98o7cpG2Yk9.UxDJkz1g9pkcuktOiU1dKj1DGHjdkei',21000140@gmail.com,SV,None
21000141,b'$2b$12$j4OCZoM/jEijvutHXQzWIO7Yy8qWQ3gK.dBC1ku7gsp9gMG23yfkO',21000141@gmail.com,SV,None
21000142,b'$2b$12$.vMHJkUdUYygjsLLwK6R4.qMUPujpORM0/id2wEMtlra8D.Hfdwx6',21000142@gmail.com,SV,None
21000143,b'$2b$12$eawjOz3rDvt0mtbTxqXt2uzv14VUJkc9UPlHkrXxQqFo./Wz0ybfq',21000143@gmail.com,SV,None
21000144,b'$2b$12$57vtacAdk.iKZktqdjfriOYXpZBD5Yn.4iD.IGFkLETindDP0/qi6',21000144@gmail.com,SV,None
21000145,b'$2b$12$mCdUIFUWG4QiCHZhHqQXzO/.XCbC4O.5cSOanl6o/lLJQi/UgxYp.',21000145@gmail.com,SV,None
21000146,b'$2b$12$sjaD6M0Fo5QI2a4/owuVmuOeliGNP6JYodKbRBB88WIVp9ouNvskO',21000146@gmail.com,SV,None
21000147,b'$2b$12$f8728ElhCknymgrHeGsxLeqF0LrKXpLiLsnp8EKFIkapHdPkKmQo6',21000147@gmail.com,SV,None
21000148,b'$2b$12$cufgERHxQgt3CkzTDOXss.qikeQNU9O2aHhy8Ng7hOSQIFmEx/8fS',21000148@gmail.com,SV,None
21000149,b'$2b$12$mSthFzUdKscKKt63b6faOu5K/Q2bYAoKkkcB3PI3tUlunljn5nWAy',21000149@gmail.com,SV,None
21000150,b'$2b$12$fKKls.c.VnnCsD76EhxPreBzgwN0N17L.4TVcGPt5k02PIN0dxxiy',21000150@gmail.com,SV,None
21000151,b'$2b$12$Hqbu2vWX453.y5hZrnv.Je11gjtB4o85NEvc83ptLt2ehSULIQKBe',21000151@gmail.com,SV,None
21000152,b'$2b$12$nXuZGBPej8rIcyV1RSQG7uD6mtCvT4Fxxrhp5GLEWSuULYVtBdVr6',21000152@gmail.com,SV,None
21000153,b'$2b$12$0I7hva5j0JIyl6AZXYd7aOSMdvTn5BDIpUybrZX30dJvWC67GlNZu',21000153@gmail.com,SV,None
21000154,b'$2b$12$dNbfPcM2RNUP5R.z1NGHeezNwANojLy3qtQQzji4IbYW38xguCVy2',21000154@gmail.com,SV,None
21000155,b'$2b$12$rBtvs45.V.n0phA8.jU4pe55Pb/TC0Y1Zdm9rAIUR0hWCTJZlXImO',21000155@gmail.com,SV,None
21000156,b'$2b$12$UO1Z3IPF9VQgRIQdrZTgk.KuFR4Cb8OclQ15mIatKbOXKDjn0iyse',21000156@gmail.com,SV,None
21000157,b'$2b$12$mBH0PLN8UY0EwF4A/tTodeu.ZAnBCE40fQmzHRQIiPsT85TuA2uxa',21000157@gmail.com,SV,None
21000158,b'$2b$12$3fj4KUGvnoSihkuQxoMn1.YRHh7KxA/uTUZ33AQI..vUdT3g.Aw6W',21000158@gmail.com,SV,None
21000159,b'$2b$12$.jTFXbSx4Buo5atONxk8MOsjIyk.Tz4fDlWQ9niMQmn5hQaOn3HXu',21000159@gmail.com,SV,None
21000160,b'$2b$12$0YIcaOlx1Dwfe1uwyMh8geIai328N6FcgdNnIZJqinrTg0vz4Zr3a',21000160@gmail.com,SV,None
21000161,b'$2b$12$OSKhjuK7o8RW7xhLbPpkvehplrgMpQqBi9gzdOHB.5cVf60BXYGo.',21000161@gmail.com,SV,None
21000162,b'$2b$12$bdx7hT3rNqGNmNSYmvCLYu4xQVzHKAEKsXYOeLlrFd.6A5Rsk481i',21000162@gmail.com,SV,None
21000163,b'$2b$12$YFnZwW6wY/JzHsdpUL8Ob.D6vaxEq0pDv0V90jn93JqQAlGub0wTe',21000163@gmail.com,SV,None
21000164,b'$2b$12$f0BaJsvKdlH9ZCTpLcSFaOI6B0gT3BFfQDJygfZBn1TzvooAMdzD2',21000164@gmail.com,SV,None
21000165,b'$2b$12$EJSAjMRafeIeVAurJ7LwG.FL7ypEOdtD9/hnItLxcey1kv4/TlAkC',21000165@gmail.com,SV,None
21000166,b'$2b$12$25Gy8DMEiNE/zk6d3YWjjed9x8I7JLetbg56W8t7SRT4JRH3GLL/a',21000166@gmail.com,SV,None
21000167,b'$2b$12$vWW2yfsD0ngQ/xvK96i.0OXUNpFRAhaHZnkc8/bKKf67B1C528g5G',21000167@gmail.com,SV,None
21000168,b'$2b$12$vnEayTS8DzttuVrzZLaNBubE3t/tYRuqk3DZvSez4NKBoDIQqN7am',21000168@gmail.com,SV,None
21000169,b'$2b$12$jJlTFQmD7cRAmkfr/m5TaeUuvNY40NOOuCNUUVnMi.jO8WEu3z06G',21000169@gmail.com,SV,None
21000170,b'$2b$12$Nex7xCrKavTvi.i1cdqvFupsHJZLzZbS1agZm/UxzjQwNCXW.Vgj.',21000170@gmail.com,SV,None
21000171,b'$2b$12$fHARn3JYeAMvO4jhKDd/YO/QxrGIMXodT7Va8L/XS/tC3W8whezSi',21000171@gmail.com,SV,None
21000172,b'$2b$12$EwZSTXYS0iIaWb0M3usYIOM.vK3081iqYMgavetPP0NYUsqCYLeI6',21000172@gmail.com,SV,None
21000173,b'$2b$12$62srXvjL6jZKeMEk3B.r0O5BSiz7flOV4rrFAa8sEw.v2FimAoFnG',21000173@gmail.com,SV,None
21000174,b'$2b$12$W0dQCxKikef3ojLod0KrgeXSjZNRwcke/J8A/.yqy6ohfnuMUYDFS',21000174@gmail.com,SV,None
21000175,b'$2b$12$YnBwZ3yWVLGt14mS6W1PDuko3oDMS1xIkqKoHH1nwBexRhGPVYkNO',21000175@gmail.com,SV,None
21000176,b'$2b$12$PxsiUz1B6oPDrJJx1fCOquPZVowtaQc0K.POqDEYLbgYL40PTIpxK',21000176@gmail.com,SV,None
21000177,b'$2b$12$/F9z0BMSZf1SbL/On89RYeVvPxVdSkyAOWqljRqGYWqB.yKOuXSQm',21000177@gmail.com,SV,None
21000178,b'$2b$12$4VcCjeykXWKAmbTrbiBS4uy.4jkgTk2dGwiR8ye5dm4EFg4C2ZLLC',21000178@gmail.com,SV,None
21000179,b'$2b$12$uUJyEBjplYmjkGo7ZK6abe8YXyQMHBZoxD1RKL.QVeJVoJhAE1eIO',21000179@gmail.com,SV,None
21000180,b'$2b$12$NGeQUHB/yYXMAL7oOdF8y.eQCMmetO5M1xtiKegPpZs0uP1lfl.t.',21000180@gmail.com,SV,None
21000181,b'$2b$12$wZwaPdQ4jlmvIscJkcRWUOmA9LF1xRcEGDgnzoEx2n6pQMiRc6nE6',21000181@gmail.com,SV,None
21000182,b'$2b$12$OBbVlHNW8BDVlT6YJ0cCYua5AlYbLKpjssvE0LPa2RngJX0txlrYa',21000182@gmail.com,SV,None
21000183,b'$2b$12$Muk/4d1wDm39WCFatucUkeCaY1OT8NuugC51ZrXzy.CXf8p9Dxigi',21000183@gmail.com,SV,None
21000184,b'$2b$12$RfizhqhETYvho9Dgie2MlenslxZgrFnIqf05u3GrAMYDmKd9.lKfG',21000184@gmail.com,SV,None
21000185,b'$2b$12$A6P.LOxC8bFfUCkt0BgsGucjSJz5tTjhFQoBgIdt8HmltfR9NY/3e',21000185@gmail.com,SV,None
21000186,b'$2b$12$blWcVP4r9HBcLwRpGnUUuOM4X7mTEbjI2sas7JTfRkt1A.ZqaZm/i',21000186@gmail.com,SV,None
21000187,b'$2b$12$68Yl884BNi.fzr7CI9fULeQKksfQ642SRdnzmMC5JlmBStSALeUyy',21000187@gmail.com,SV,None
21000188,b'$2b$12$ulUl32AcMV9fT5U3PLQmrufg2uc.QENFxJbka1z/eRJ0PGXZKx.Y2',21000188@gmail.com,SV,None
21000189,b'$2b$12$Cq.CiNz/9U5YfMW/RykJfeIsOOTI1SnZfmzPmB6X7iIsGpCfcCGXK',21000189@gmail.com,SV,None
21000190,b'$2b$12$9nsHT3WM8doHzKgEv17EwejETHiz9rT.jeF790WcYmtgllNUd5Byu',21000190@gmail.com,SV,None
21000191,b'$2b$12$90MXFWDGpAWN.a0/yhE3CuPaGOr106NU79EDbhgC7rLPklG9Eg3QG',21000191@gmail.com,SV,None
21000192,b'$2b$12$yrm8gO2wapQpYhKZR8O5RefT3vAiMRDiXxqz.//ws84LgeuzBwCOS',21000192@gmail.com,SV,None
21000193,b'$2b$12$ULzsn/H2EkMbd3Y4HeOpDOpMTeuy3ZNLi.bRs2ngHW8wWaTegRCbu',21000193@gmail.com,SV,None
21000194,b'$2b$12$aEKJBfedmXIxb/GjzO9gzOc08NBGSTBq1fBB91JlZ5Y0yRCm3hf02',21000194@gmail.com,SV,None
21000195,b'$2b$12$F.PHfcLY/ocQclob5sg.8eDsfX11LVC6QPo4GQzGmcHlKpK82BMFu',21000195@gmail.com,SV,None
21000196,b'$2b$12$1wQRQgMC1EZRxW.FrpoTceqcYIqeYvA34.n0TmQg9l9VWoFdfYiRy',21000196@gmail.com,SV,None
21000197,b'$2b$12$yqYy3G8/f.LodKhMEkU5zeRYqOLPzeQSxxcNh4tGtvn2Ml6bs26Bm',21000197@gmail.com,SV,None
21000198,b'$2b$12$ZQ8fu1NyMd3He9WhJ0aCkeyVXJRkXX.vu4B7jbBFB9RalEk1AuQRq',21000198@gmail.com,SV,None
21000199,b'$2b$12$ZOxiVQ8KMQ7Mebf35jV/Luy1DTx2iwnuH7oEz8B01G8dAArSqC1GK',21000199@gmail.com,SV,None
21000200,b'$2b$12$H55kFQiZxVRgRtZXVmzx5uG0Oriod2O5pnhZ9G4/C0nZfx8NZO21a',21000200@gmail.com,SV,None
